,月份區域別,month,count,year
0,桃園市,一月,336,102
1,中壢市,一月,281,102
2,平鎮市,一月,159,102
3,八德市,一月,145,102
4,楊梅市,一月,113,102
5,大溪鎮,一月,66,102
6,蘆竹鄉,一月,96,102
7,大園鄉,一月,68,102
8,龜山鄉,一月,108,102
9,龍潭鄉,一月,72,102
10,新屋鄉,一月,30,102
11,觀音鄉,一月,43,102
12,復興鄉,一月,11,102
13,桃園市,二月,125,102
14,中壢市,二月,125,102
15,平鎮市,二月,73,102
16,八德市,二月,60,102
17,楊梅市,二月,38,102
18,大溪鎮,二月,28,102
19,蘆竹鄉,二月,62,102
20,大園鄉,二月,30,102
21,龜山鄉,二月,57,102
22,龍潭鄉,二月,34,102
23,新屋鄉,二月,9,102
24,觀音鄉,二月,14,102
25,復興鄉,二月,5,102
26,桃園市,三月,247,102
27,中壢市,三月,227,102
28,平鎮市,三月,113,102
29,八德市,三月,104,102
30,楊梅市,三月,97,102
31,大溪鎮,三月,57,102
32,蘆竹鄉,三月,81,102
33,大園鄉,三月,49,102
34,龜山鄉,三月,80,102
35,龍潭鄉,三月,63,102
36,新屋鄉,三月,19,102
37,觀音鄉,三月,29,102
38,復興鄉,三月,10,102
39,桃園市,四月,200,102
40,中壢市,四月,163,102
41,平鎮市,四月,106,102
42,八德市,四月,100,102
43,楊梅市,四月,61,102
44,大溪鎮,四月,49,102
45,蘆竹鄉,四月,91,102
46,大園鄉,四月,31,102
47,龜山鄉,四月,61,102
48,龍潭鄉,四月,65,102
49,新屋鄉,四月,10,102
50,觀音鄉,四月,35,102
51,復興鄉,四月,4,102
52,桃園市,五月,324,102
53,中壢市,五月,331,102
54,平鎮市,五月,148,102
55,八德市,五月,160,102
56,楊梅市,五月,109,102
57,大溪鎮,五月,58,102
58,蘆竹鄉,五月,103,102
59,大園鄉,五月,55,102
60,龜山鄉,五月,119,102
61,龍潭鄉,五月,77,102
62,新屋鄉,五月,21,102
63,觀音鄉,五月,40,102
64,復興鄉,五月,8,102
65,桃園市,六月,148,102
66,中壢市,六月,158,102
67,平鎮市,六月,112,102
68,八德市,六月,72,102
69,楊梅市,六月,59,102
70,大溪鎮,六月,35,102
71,蘆竹鄉,六月,61,102
72,大園鄉,六月,32,102
73,龜山鄉,六月,61,102
74,龍潭鄉,六月,40,102
75,新屋鄉,六月,20,102
76,觀音鄉,六月,27,102
77,復興鄉,六月,9,102
78,桃園市,七月,198,102
79,中壢市,七月,220,102
80,平鎮市,七月,112,102
81,八德市,七月,100,102
82,楊梅市,七月,67,102
83,大溪鎮,七月,51,102
84,蘆竹鄉,七月,74,102
85,大園鄉,七月,43,102
86,龜山鄉,七月,76,102
87,龍潭鄉,七月,49,102
88,新屋鄉,七月,16,102
89,觀音鄉,七月,30,102
90,復興鄉,七月,8,102
91,桃園市,八月,99,102
92,中壢市,八月,118,102
93,平鎮市,八月,60,102
94,八德市,八月,51,102
95,楊梅市,八月,42,102
96,大溪鎮,八月,23,102
97,蘆竹鄉,八月,57,102
98,大園鄉,八月,19,102
99,龜山鄉,八月,42,102
100,龍潭鄉,八月,31,102
101,新屋鄉,八月,8,102
102,觀音鄉,八月,18,102
103,復興鄉,八月,4,102
104,桃園市,九月,250,102
105,中壢市,九月,246,102
106,平鎮市,九月,124,102
107,八德市,九月,110,102
108,楊梅市,九月,108,102
109,大溪鎮,九月,49,102
110,蘆竹鄉,九月,76,102
111,大園鄉,九月,53,102
112,龜山鄉,九月,103,102
113,龍潭鄉,九月,69,102
114,新屋鄉,九月,17,102
115,觀音鄉,九月,33,102
116,復興鄉,九月,5,102
117,桃園市,十月,239,102
118,中壢市,十月,279,102
119,平鎮市,十月,136,102
120,八德市,十月,125,102
121,楊梅市,十月,116,102
122,大溪鎮,十月,57,102
123,蘆竹鄉,十月,78,102
124,大園鄉,十月,44,102
125,龜山鄉,十月,114,102
126,龍潭鄉,十月,45,102
127,新屋鄉,十月,28,102
128,觀音鄉,十月,31,102
129,復興鄉,十月,6,102
130,桃園市,十一月,326,102
131,中壢市,十一月,272,102
132,平鎮市,十一月,152,102
133,八德市,十一月,113,102
134,楊梅市,十一月,115,102
135,大溪鎮,十一月,42,102
136,蘆竹鄉,十一月,102,102
137,大園鄉,十一月,51,102
138,龜山鄉,十一月,101,102
139,龍潭鄉,十一月,91,102
140,新屋鄉,十一月,30,102
141,觀音鄉,十一月,35,102
142,復興鄉,十一月,5,102
143,桃園市,十二月,296,102
144,中壢市,十二月,243,102
145,平鎮市,十二月,170,102
146,八德市,十二月,122,102
147,楊梅市,十二月,83,102
148,大溪鎮,十二月,49,102
149,蘆竹鄉,十二月,105,102
150,大園鄉,十二月,49,102
151,龜山鄉,十二月,93,102
152,龍潭鄉,十二月,81,102
153,新屋鄉,十二月,24,102
154,觀音鄉,十二月,40,102
155,復興鄉,十二月,5,102
0,桃園市,一月,316,103
1,中壢市,一月,270,103
2,平鎮市,一月,149,103
3,八德市,一月,140,103
4,楊梅市,一月,113,103
5,大溪鎮,一月,66,103
6,蘆竹市,一月,124,103
7,大園鄉,一月,66,103
8,龜山鄉,一月,103,103
9,龍潭鄉,一月,90,103
10,新屋鄉,一月,31,103
11,觀音鄉,一月,43,103
12,復興鄉,一月,12,103
13,桃園市,二月,188,103
14,中壢市,二月,151,103
15,平鎮市,二月,85,103
16,八德市,二月,90,103
17,楊梅市,二月,69,103
18,大溪鎮,二月,33,103
19,蘆竹市,二月,60,103
20,大園鄉,二月,35,103
21,龜山鄉,二月,50,103
22,龍潭鄉,二月,46,103
23,新屋鄉,二月,12,103
24,觀音鄉,二月,12,103
25,復興鄉,二月,5,103
26,桃園市,三月,239,103
27,中壢市,三月,219,103
28,平鎮市,三月,118,103
29,八德市,三月,106,103
30,楊梅市,三月,74,103
31,大溪鎮,三月,58,103
32,蘆竹市,三月,98,103
33,大園鄉,三月,40,103
34,龜山鄉,三月,82,103
35,龍潭鄉,三月,63,103
36,新屋鄉,三月,20,103
37,觀音鄉,三月,20,103
38,復興鄉,三月,7,103
39,桃園市,四月,173,103
40,中壢市,四月,189,103
41,平鎮市,四月,103,103
42,八德市,四月,97,103
43,楊梅市,四月,71,103
44,大溪鎮,四月,28,103
45,蘆竹市,四月,67,103
46,大園鄉,四月,37,103
47,龜山鄉,四月,76,103
48,龍潭鄉,四月,43,103
49,新屋鄉,四月,12,103
50,觀音鄉,四月,18,103
51,復興鄉,四月,6,103
52,桃園市,五月,342,103
53,中壢市,五月,348,103
54,平鎮市,五月,178,103
55,八德市,五月,161,103
56,楊梅市,五月,122,103
57,大溪鎮,五月,65,103
58,蘆竹市,五月,116,103
59,大園鄉,五月,65,103
60,龜山鄉,五月,151,103
61,龍潭鄉,五月,80,103
62,新屋鄉,五月,31,103
63,觀音鄉,五月,52,103
64,復興鄉,五月,8,103
65,桃園市,六月,226,103
66,中壢市,六月,248,103
67,平鎮市,六月,133,103
68,八德市,六月,102,103
69,楊梅市,六月,93,103
70,大溪鎮,六月,58,103
71,蘆竹市,六月,78,103
72,大園鄉,六月,46,103
73,龜山鄉,六月,80,103
74,龍潭鄉,六月,59,103
75,新屋鄉,六月,22,103
76,觀音鄉,六月,34,103
77,復興鄉,六月,14,103
78,桃園市,七月,180,103
79,中壢市,七月,176,103
80,平鎮市,七月,116,103
81,八德市,七月,96,103
82,楊梅市,七月,75,103
83,大溪鎮,七月,32,103
84,蘆竹市,七月,49,103
85,大園鄉,七月,35,103
86,龜山鄉,七月,57,103
87,龍潭鄉,七月,49,103
88,新屋鄉,七月,22,103
89,觀音鄉,七月,21,103
90,復興鄉,七月,6,103
91,桃園市,八月,102,103
92,中壢市,八月,134,103
93,平鎮市,八月,70,103
94,八德市,八月,59,103
95,楊梅市,八月,49,103
96,大溪鎮,八月,14,103
97,蘆竹市,八月,52,103
98,大園鄉,八月,19,103
99,龜山鄉,八月,38,103
100,龍潭鄉,八月,33,103
101,新屋鄉,八月,7,103
102,觀音鄉,八月,17,103
103,復興鄉,八月,7,103
104,桃園市,九月,264,103
105,中壢市,九月,258,103
106,平鎮市,九月,149,103
107,八德市,九月,125,103
108,楊梅市,九月,111,103
109,大溪鎮,九月,58,103
110,蘆竹市,九月,88,103
111,大園鄉,九月,43,103
112,龜山鄉,九月,103,103
113,龍潭鄉,九月,63,103
114,新屋鄉,九月,23,103
115,觀音鄉,九月,32,103
116,復興鄉,九月,7,103
117,桃園市,十月,215,103
118,中壢市,十月,224,103
119,平鎮市,十月,120,103
120,八德市,十月,99,103
121,楊梅市,十月,93,103
122,大溪鎮,十月,42,103
123,蘆竹市,十月,86,103
124,大園鄉,十月,34,103
125,龜山鄉,十月,81,103
126,龍潭鄉,十月,73,103
127,新屋鄉,十月,28,103
128,觀音鄉,十月,37,103
129,復興鄉,十月,7,103
130,桃園市,十一月,207,103
131,中壢市,十一月,181,103
132,平鎮市,十一月,110,103
133,八德市,十一月,84,103
134,楊梅市,十一月,73,103
135,大溪鎮,十一月,45,103
136,蘆竹市,十一月,76,103
137,大園鄉,十一月,42,103
138,龜山鄉,十一月,59,103
139,龍潭鄉,十一月,54,103
140,新屋鄉,十一月,21,103
141,觀音鄉,十一月,22,103
142,復興鄉,十一月,2,103
143,桃園市,十二月,298,103
144,中壢市,十二月,311,103
145,平鎮市,十二月,169,103
146,八德市,十二月,165,103
147,楊梅市,十二月,125,103
148,大溪鎮,十二月,48,103
149,蘆竹市,十二月,110,103
150,大園鄉,十二月,51,103
151,龜山鄉,十二月,131,103
152,龍潭鄉,十二月,64,103
153,新屋鄉,十二月,23,103
154,觀音鄉,十二月,47,103
155,復興鄉,十二月,8,103
0,桃園區,一月,275,104
1,中壢區,一月,286,104
2,大溪區,一月,62,104
3,楊梅區,一月,129,104
4,蘆竹區,一月,117,104
5,大園區,一月,61,104
6,龜山區,一月,104,104
7,八德區,一月,131,104
8,龍潭區,一月,80,104
9,平鎮區,一月,174,104
10,新屋區,一月,29,104
11,觀音區,一月,35,104
12,復興區,一月,4,104
13,桃園區,二月,190,104
14,中壢區,二月,196,104
15,大溪區,二月,40,104
16,楊梅區,二月,73,104
17,蘆竹區,二月,82,104
18,大園區,二月,36,104
19,龜山區,二月,70,104
20,八德區,二月,87,104
21,龍潭區,二月,51,104
22,平鎮區,二月,125,104
23,新屋區,二月,25,104
24,觀音區,二月,33,104
25,復興區,二月,7,104
26,桃園區,三月,245,104
27,中壢區,三月,231,104
28,大溪區,三月,50,104
29,楊梅區,三月,91,104
30,蘆竹區,三月,110,104
31,大園區,三月,48,104
32,龜山區,三月,83,104
33,八德區,三月,119,104
34,龍潭區,三月,76,104
35,平鎮區,三月,142,104
36,新屋區,三月,20,104
37,觀音區,三月,44,104
38,復興區,三月,1,104
39,桃園區,四月,188,104
40,中壢區,四月,188,104
41,大溪區,四月,35,104
42,楊梅區,四月,76,104
43,蘆竹區,四月,77,104
44,大園區,四月,38,104
45,龜山區,四月,85,104
46,八德區,四月,88,104
47,龍潭區,四月,51,104
48,平鎮區,四月,109,104
49,新屋區,四月,22,104
50,觀音區,四月,30,104
51,復興區,四月,4,104
52,桃園區,五月,384,104
53,中壢區,五月,344,104
54,大溪區,五月,75,104
55,楊梅區,五月,127,104
56,蘆竹區,五月,156,104
57,大園區,五月,73,104
58,龜山區,五月,130,104
59,八德區,五月,185,104
60,龍潭區,五月,90,104
61,平鎮區,五月,188,104
62,新屋區,五月,35,104
63,觀音區,五月,51,104
64,復興區,五月,2,104
65,桃園區,六月,217,104
66,中壢區,六月,227,104
67,大溪區,六月,48,104
68,楊梅區,六月,90,104
69,蘆竹區,六月,83,104
70,大園區,六月,43,104
71,龜山區,六月,79,104
72,八德區,六月,134,104
73,龍潭區,六月,64,104
74,平鎮區,六月,126,104
75,新屋區,六月,20,104
76,觀音區,六月,30,104
77,復興區,六月,9,104
78,桃園區,七月,225,104
79,中壢區,七月,235,104
80,大溪區,七月,51,104
81,楊梅區,七月,99,104
82,蘆竹區,七月,95,104
83,大園區,七月,39,104
84,龜山區,七月,78,104
85,八德區,七月,106,104
86,龍潭區,七月,88,104
87,平鎮區,七月,140,104
88,新屋區,七月,22,104
89,觀音區,七月,35,104
90,復興區,七月,6,104
91,桃園區,八月,139,104
92,中壢區,八月,158,104
93,大溪區,八月,31,104
94,楊梅區,八月,52,104
95,蘆竹區,八月,47,104
96,大園區,八月,28,104
97,龜山區,八月,42,104
98,八德區,八月,54,104
99,龍潭區,八月,53,104
100,平鎮區,八月,74,104
101,新屋區,八月,20,104
102,觀音區,八月,20,104
103,復興區,八月,10,104
104,桃園區,九月,218,104
105,中壢區,九月,155,104
106,大溪區,九月,40,104
107,楊梅區,九月,68,104
108,蘆竹區,九月,73,104
109,大園區,九月,31,104
110,龜山區,九月,66,104
111,八德區,九月,104,104
112,龍潭區,九月,38,104
113,平鎮區,九月,92,104
114,新屋區,九月,15,104
115,觀音區,九月,26,104
116,復興區,九月,2,104
117,桃園區,十月,326,104
118,中壢區,十月,339,104
119,大溪區,十月,64,104
120,楊梅區,十月,153,104
121,蘆竹區,十月,128,104
122,大園區,十月,67,104
123,龜山區,十月,120,104
124,八德區,十月,179,104
125,龍潭區,十月,110,104
126,平鎮區,十月,186,104
127,新屋區,十月,26,104
128,觀音區,十月,36,104
129,復興區,十月,10,104
130,桃園區,十一月,291,104
131,中壢區,十一月,276,104
132,大溪區,十一月,61,104
133,楊梅區,十一月,118,104
134,蘆竹區,十一月,104,104
135,大園區,十一月,49,104
136,龜山區,十一月,98,104
137,八德區,十一月,132,104
138,龍潭區,十一月,69,104
139,平鎮區,十一月,158,104
140,新屋區,十一月,28,104
141,觀音區,十一月,31,104
142,復興區,十一月,6,104
143,桃園區,十二月,336,104
144,中壢區,十二月,350,104
145,大溪區,十二月,64,104
146,楊梅區,十二月,155,104
147,蘆竹區,十二月,127,104
148,大園區,十二月,61,104
149,龜山區,十二月,123,104
150,八德區,十二月,140,104
151,龍潭區,十二月,75,104
152,平鎮區,十二月,177,104
153,新屋區,十二月,37,104
154,觀音區,十二月,47,104
155,復興區,十二月,12,104
0,桃園區,一月,317,105
1,中壢區,一月,308,105
2,大溪區,一月,78,105
3,楊梅區,一月,141,105
4,蘆竹區,一月,126,105
5,大園區,一月,61,105
6,龜山區,一月,126,105
7,八德區,一月,166,105
8,龍潭區,一月,79,105
9,平鎮區,一月,162,105
10,新屋區,一月,37,105
11,觀音區,一月,44,105
12,復興區,一月,7,105
13,桃園區,二月,182,105
14,中壢區,二月,179,105
15,大溪區,二月,57,105
16,楊梅區,二月,71,105
17,蘆竹區,二月,57,105
18,大園區,二月,32,105
19,龜山區,二月,60,105
20,八德區,二月,86,105
21,龍潭區,二月,48,105
22,平鎮區,二月,90,105
23,新屋區,二月,14,105
24,觀音區,二月,30,105
25,復興區,二月,9,105
26,桃園區,三月,280,105
27,中壢區,三月,234,105
28,大溪區,三月,47,105
29,楊梅區,三月,90,105
30,蘆竹區,三月,101,105
31,大園區,三月,39,105
32,龜山區,三月,76,105
33,八德區,三月,142,105
34,龍潭區,三月,69,105
35,平鎮區,三月,122,105
36,新屋區,三月,27,105
37,觀音區,三月,37,105
38,復興區,三月,9,105
39,桃園區,四月,162,105
40,中壢區,四月,178,105
41,大溪區,四月,45,105
42,楊梅區,四月,89,105
43,蘆竹區,四月,66,105
44,大園區,四月,30,105
45,龜山區,四月,58,105
46,八德區,四月,98,105
47,龍潭區,四月,43,105
48,平鎮區,四月,83,105
49,新屋區,四月,22,105
50,觀音區,四月,25,105
51,復興區,四月,7,105
52,桃園區,五月,340,105
53,中壢區,五月,311,105
54,大溪區,五月,54,105
55,楊梅區,五月,135,105
56,蘆竹區,五月,115,105
57,大園區,五月,63,105
58,龜山區,五月,115,105
59,八德區,五月,148,105
60,龍潭區,五月,95,105
61,平鎮區,五月,176,105
62,新屋區,五月,38,105
63,觀音區,五月,48,105
64,復興區,五月,7,105
65,桃園區,六月,201,105
66,中壢區,六月,199,105
67,大溪區,六月,53,105
68,楊梅區,六月,76,105
69,蘆竹區,六月,82,105
70,大園區,六月,47,105
71,龜山區,六月,82,105
72,八德區,六月,106,105
73,龍潭區,六月,66,105
74,平鎮區,六月,125,105
75,新屋區,六月,21,105
76,觀音區,六月,32,105
77,復興區,六月,4,105
78,桃園區,七月,203,105
79,中壢區,七月,198,105
80,大溪區,七月,46,105
81,楊梅區,七月,67,105
82,蘆竹區,七月,86,105
83,大園區,七月,31,105
84,龜山區,七月,73,105
85,八德區,七月,118,105
86,龍潭區,七月,74,105
87,平鎮區,七月,113,105
88,新屋區,七月,16,105
89,觀音區,七月,27,105
90,復興區,七月,6,105
91,桃園區,八月,103,105
92,中壢區,八月,132,105
93,大溪區,八月,24,105
94,楊梅區,八月,40,105
95,蘆竹區,八月,52,105
96,大園區,八月,20,105
97,龜山區,八月,44,105
98,八德區,八月,52,105
99,龍潭區,八月,40,105
100,平鎮區,八月,58,105
101,新屋區,八月,15,105
102,觀音區,八月,19,105
103,復興區,八月,3,105
104,桃園區,九月,263,105
105,中壢區,九月,234,105
106,大溪區,九月,42,105
107,楊梅區,九月,92,105
108,蘆竹區,九月,86,105
109,大園區,九月,64,105
110,龜山區,九月,107,105
111,八德區,九月,152,105
112,龍潭區,九月,83,105
113,平鎮區,九月,151,105
114,新屋區,九月,28,105
115,觀音區,九月,38,105
116,復興區,九月,6,105
117,桃園區,十月,328,105
118,中壢區,十月,272,105
119,大溪區,十月,58,105
120,楊梅區,十月,123,105
121,蘆竹區,十月,127,105
122,大園區,十月,71,105
123,龜山區,十月,88,105
124,八德區,十月,166,105
125,龍潭區,十月,95,105
126,平鎮區,十月,152,105
127,新屋區,十月,35,105
128,觀音區,十月,45,105
129,復興區,十月,5,105
130,桃園區,十一月,270,105
131,中壢區,十一月,240,105
132,大溪區,十一月,72,105
133,楊梅區,十一月,107,105
134,蘆竹區,十一月,97,105
135,大園區,十一月,57,105
136,龜山區,十一月,101,105
137,八德區,十一月,124,105
138,龍潭區,十一月,76,105
139,平鎮區,十一月,149,105
140,新屋區,十一月,28,105
141,觀音區,十一月,39,105
142,復興區,十一月,6,105
143,桃園區,十二月,337,105
144,中壢區,十二月,323,105
145,大溪區,十二月,60,105
146,楊梅區,十二月,122,105
147,蘆竹區,十二月,128,105
148,大園區,十二月,56,105
149,龜山區,十二月,124,105
150,八德區,十二月,147,105
151,龍潭區,十二月,69,105
152,平鎮區,十二月,169,105
153,新屋區,十二月,37,105
154,觀音區,十二月,46,105
155,復興區,十二月,8,105
0,桃園區,一月,295,106
1,中壢區,一月,261,106
2,大溪區,一月,51,106
3,楊梅區,一月,97,106
4,蘆竹區,一月,114,106
5,大園區,一月,67,106
6,龜山區,一月,109,106
7,八德區,一月,131,106
8,龍潭區,一月,76,106
9,平鎮區,一月,148,106
10,新屋區,一月,26,106
11,觀音區,一月,36,106
12,復興區,一月,6,106
13,桃園區,二月,193,106
14,中壢區,二月,169,106
15,大溪區,二月,35,106
16,楊梅區,二月,82,106
17,蘆竹區,二月,64,106
18,大園區,二月,41,106
19,龜山區,二月,73,106
20,八德區,二月,102,106
21,龍潭區,二月,41,106
22,平鎮區,二月,102,106
23,新屋區,二月,16,106
24,觀音區,二月,27,106
25,復興區,二月,9,106
26,桃園區,三月,265,106
27,中壢區,三月,257,106
28,大溪區,三月,56,106
29,楊梅區,三月,74,106
30,蘆竹區,三月,90,106
31,大園區,三月,40,106
32,龜山區,三月,93,106
33,八德區,三月,128,106
34,龍潭區,三月,53,106
35,平鎮區,三月,132,106
36,新屋區,三月,20,106
37,觀音區,三月,48,106
38,復興區,三月,5,106
39,桃園區,四月,182,106
40,中壢區,四月,202,106
41,大溪區,四月,43,106
42,楊梅區,四月,82,106
43,蘆竹區,四月,80,106
44,大園區,四月,53,106
45,龜山區,四月,65,106
46,八德區,四月,94,106
47,龍潭區,四月,52,106
48,平鎮區,四月,127,106
49,新屋區,四月,17,106
50,觀音區,四月,29,106
51,復興區,四月,5,106
52,桃園區,五月,337,106
53,中壢區,五月,291,106
54,大溪區,五月,73,106
55,楊梅區,五月,137,106
56,蘆竹區,五月,119,106
57,大園區,五月,61,106
58,龜山區,五月,130,106
59,八德區,五月,163,106
60,龍潭區,五月,90,106
61,平鎮區,五月,166,106
62,新屋區,五月,19,106
63,觀音區,五月,47,106
64,復興區,五月,7,106
65,桃園區,六月,247,106
66,中壢區,六月,216,106
67,大溪區,六月,36,106
68,楊梅區,六月,93,106
69,蘆竹區,六月,90,106
70,大園區,六月,52,106
71,龜山區,六月,83,106
72,八德區,六月,127,106
73,龍潭區,六月,58,106
74,平鎮區,六月,122,106
75,新屋區,六月,24,106
76,觀音區,六月,28,106
77,復興區,六月,8,106
78,桃園區,七月,191,106
79,中壢區,七月,209,106
80,大溪區,七月,43,106
81,楊梅區,七月,65,106
82,蘆竹區,七月,57,106
83,大園區,七月,46,106
84,龜山區,七月,81,106
85,八德區,七月,96,106
86,龍潭區,七月,52,106
87,平鎮區,七月,108,106
88,新屋區,七月,15,106
89,觀音區,七月,35,106
90,復興區,七月,6,106
91,桃園區,八月,178,106
92,中壢區,八月,146,106
93,大溪區,八月,42,106
94,楊梅區,八月,74,106
95,蘆竹區,八月,61,106
96,大園區,八月,28,106
97,龜山區,八月,65,106
98,八德區,八月,93,106
99,龍潭區,八月,46,106
100,平鎮區,八月,81,106
101,新屋區,八月,17,106
102,觀音區,八月,26,106
103,復興區,八月,3,106
104,桃園區,九月,168,106
105,中壢區,九月,176,106
106,大溪區,九月,38,106
107,楊梅區,九月,71,106
108,蘆竹區,九月,63,106
109,大園區,九月,31,106
110,龜山區,九月,81,106
111,八德區,九月,85,106
112,龍潭區,九月,43,106
113,平鎮區,九月,117,106
114,新屋區,九月,17,106
115,觀音區,九月,31,106
116,復興區,九月,3,106
117,桃園區,十月,305,106
118,中壢區,十月,266,106
119,大溪區,十月,54,106
120,楊梅區,十月,115,106
121,蘆竹區,十月,113,106
122,大園區,十月,59,106
123,龜山區,十月,101,106
124,八德區,十月,144,106
125,龍潭區,十月,60,106
126,平鎮區,十月,177,106
127,新屋區,十月,30,106
128,觀音區,十月,31,106
129,復興區,十月,6,106
130,桃園區,十一月,262,106
131,中壢區,十一月,214,106
132,大溪區,十一月,51,106
133,楊梅區,十一月,84,106
134,蘆竹區,十一月,80,106
135,大園區,十一月,52,106
136,龜山區,十一月,96,106
137,八德區,十一月,123,106
138,龍潭區,十一月,69,106
139,平鎮區,十一月,146,106
140,新屋區,十一月,24,106
141,觀音區,十一月,40,106
142,復興區,十一月,2,106
143,桃園區,十二月,338,106
144,中壢區,十二月,335,106
145,大溪區,十二月,63,106
146,楊梅區,十二月,125,106
147,蘆竹區,十二月,127,106
148,大園區,十二月,58,106
149,龜山區,十二月,112,106
150,八德區,十二月,154,106
151,龍潭區,十二月,108,106
152,平鎮區,十二月,155,106
153,新屋區,十二月,31,106
154,觀音區,十二月,57,106
155,復興區,十二月,6,106
0,桃園區,一月,310,107
1,中壢區,一月,287,107
2,大溪區,一月,55,107
3,楊梅區,一月,102,107
4,蘆竹區,一月,125,107
5,大園區,一月,61,107
6,龜山區,一月,112,107
7,八德區,一月,158,107
8,龍潭區,一月,82,107
9,平鎮區,一月,147,107
10,新屋區,一月,32,107
11,觀音區,一月,25,107
12,復興區,一月,4,107
13,桃園區,二月,149,107
14,中壢區,二月,183,107
15,大溪區,二月,41,107
16,楊梅區,二月,79,107
17,蘆竹區,二月,77,107
18,大園區,二月,32,107
19,龜山區,二月,60,107
20,八德區,二月,104,107
21,龍潭區,二月,49,107
22,平鎮區,二月,99,107
23,新屋區,二月,12,107
24,觀音區,二月,23,107
25,復興區,二月,4,107
26,桃園區,三月,263,107
27,中壢區,三月,237,107
28,大溪區,三月,58,107
29,楊梅區,三月,96,107
30,蘆竹區,三月,95,107
31,大園區,三月,55,107
32,龜山區,三月,86,107
33,八德區,三月,111,107
34,龍潭區,三月,78,107
35,平鎮區,三月,117,107
36,新屋區,三月,26,107
37,觀音區,三月,33,107
38,復興區,三月,6,107
39,桃園區,四月,208,107
40,中壢區,四月,183,107
41,大溪區,四月,28,107
42,楊梅區,四月,80,107
43,蘆竹區,四月,74,107
44,大園區,四月,41,107
45,龜山區,四月,66,107
46,八德區,四月,108,107
47,龍潭區,四月,47,107
48,平鎮區,四月,91,107
49,新屋區,四月,17,107
50,觀音區,四月,32,107
51,復興區,四月,1,107
52,桃園區,五月,306,107
53,中壢區,五月,283,107
54,大溪區,五月,65,107
55,楊梅區,五月,117,107
56,蘆竹區,五月,115,107
57,大園區,五月,62,107
58,龜山區,五月,114,107
59,八德區,五月,144,107
60,龍潭區,五月,77,107
61,平鎮區,五月,139,107
62,新屋區,五月,31,107
63,觀音區,五月,39,107
64,復興區,五月,11,107
65,桃園區,六月,200,107
66,中壢區,六月,199,107
67,大溪區,六月,50,107
68,楊梅區,六月,115,107
69,蘆竹區,六月,73,107
70,大園區,六月,51,107
71,龜山區,六月,87,107
72,八德區,六月,109,107
73,龍潭區,六月,51,107
74,平鎮區,六月,115,107
75,新屋區,六月,23,107
76,觀音區,六月,33,107
77,復興區,六月,3,107
78,桃園區,七月,187,107
79,中壢區,七月,197,107
80,大溪區,七月,35,107
81,楊梅區,七月,93,107
82,蘆竹區,七月,66,107
83,大園區,七月,37,107
84,龜山區,七月,87,107
85,八德區,七月,92,107
86,龍潭區,七月,64,107
87,平鎮區,七月,98,107
88,新屋區,七月,22,107
89,觀音區,七月,29,107
90,復興區,七月,5,107
91,桃園區,八月,180,107
92,中壢區,八月,167,107
93,大溪區,八月,38,107
94,楊梅區,八月,77,107
95,蘆竹區,八月,57,107
96,大園區,八月,40,107
97,龜山區,八月,66,107
98,八德區,八月,104,107
99,龍潭區,八月,65,107
100,平鎮區,八月,101,107
101,新屋區,八月,16,107
102,觀音區,八月,25,107
103,復興區,八月,5,107
104,桃園區,九月,192,107
105,中壢區,九月,175,107
106,大溪區,九月,36,107
107,楊梅區,九月,71,107
108,蘆竹區,九月,73,107
109,大園區,九月,34,107
110,龜山區,九月,65,107
111,八德區,九月,99,107
112,龍潭區,九月,61,107
113,平鎮區,九月,103,107
114,新屋區,九月,14,107
115,觀音區,九月,21,107
116,復興區,九月,2,107
117,桃園區,十月,303,107
118,中壢區,十月,303,107
119,大溪區,十月,64,107
120,楊梅區,十月,119,107
121,蘆竹區,十月,102,107
122,大園區,十月,56,107
123,龜山區,十月,120,107
124,八德區,十月,155,107
125,龍潭區,十月,84,107
126,平鎮區,十月,152,107
127,新屋區,十月,44,107
128,觀音區,十月,50,107
129,復興區,十月,7,107
130,桃園區,十一月,226,107
131,中壢區,十一月,232,107
132,大溪區,十一月,46,107
133,楊梅區,十一月,81,107
134,蘆竹區,十一月,89,107
135,大園區,十一月,48,107
136,龜山區,十一月,87,107
137,八德區,十一月,136,107
138,龍潭區,十一月,47,107
139,平鎮區,十一月,130,107
140,新屋區,十一月,30,107
141,觀音區,十一月,45,107
142,復興區,十一月,6,107
143,桃園區,十二月,340,107
144,中壢區,十二月,295,107
145,大溪區,十二月,70,107
146,楊梅區,十二月,133,107
147,蘆竹區,十二月,109,107
148,大園區,十二月,81,107
149,龜山區,十二月,110,107
150,八德區,十二月,157,107
151,龍潭區,十二月,93,107
152,平鎮區,十二月,160,107
153,新屋區,十二月,31,107
154,觀音區,十二月,41,107
155,復興區,十二月,2,107
0,桃園區,一月,305,108
1,中壢區,一月,271,108
2,大溪區,一月,54,108
3,楊梅區,一月,103,108
4,蘆竹區,一月,100,108
5,大園區,一月,59,108
6,龜山區,一月,100,108
7,八德區,一月,138,108
8,龍潭區,一月,75,108
9,平鎮區,一月,151,108
10,新屋區,一月,37,108
11,觀音區,一月,45,108
12,復興區,一月,11,108
13,桃園區,二月,202,108
14,中壢區,二月,198,108
15,大溪區,二月,46,108
16,楊梅區,二月,69,108
17,蘆竹區,二月,72,108
18,大園區,二月,38,108
19,龜山區,二月,64,108
20,八德區,二月,98,108
21,龍潭區,二月,52,108
22,平鎮區,二月,97,108
23,新屋區,二月,15,108
24,觀音區,二月,21,108
25,復興區,二月,4,108
26,桃園區,三月,240,108
27,中壢區,三月,215,108
28,大溪區,三月,40,108
29,楊梅區,三月,91,108
30,蘆竹區,三月,77,108
31,大園區,三月,40,108
32,龜山區,三月,80,108
33,八德區,三月,114,108
34,龍潭區,三月,67,108
35,平鎮區,三月,110,108
36,新屋區,三月,14,108
37,觀音區,三月,38,108
38,復興區,三月,8,108
39,桃園區,四月,177,108
40,中壢區,四月,213,108
41,大溪區,四月,37,108
42,楊梅區,四月,71,108
43,蘆竹區,四月,80,108
44,大園區,四月,37,108
45,龜山區,四月,75,108
46,八德區,四月,104,108
47,龍潭區,四月,78,108
48,平鎮區,四月,115,108
49,新屋區,四月,24,108
50,觀音區,四月,31,108
51,復興區,四月,5,108
52,桃園區,五月,272,108
53,中壢區,五月,222,108
54,大溪區,五月,64,108
55,楊梅區,五月,95,108
56,蘆竹區,五月,92,108
57,大園區,五月,61,108
58,龜山區,五月,86,108
59,八德區,五月,133,108
60,龍潭區,五月,72,108
61,平鎮區,五月,144,108
62,新屋區,五月,21,108
63,觀音區,五月,43,108
64,復興區,五月,6,108
65,桃園區,六月,221,108
66,中壢區,六月,219,108
67,大溪區,六月,58,108
68,楊梅區,六月,99,108
69,蘆竹區,六月,87,108
70,大園區,六月,53,108
71,龜山區,六月,85,108
72,八德區,六月,122,108
73,龍潭區,六月,49,108
74,平鎮區,六月,132,108
75,新屋區,六月,20,108
76,觀音區,六月,32,108
77,復興區,六月,8,108
78,桃園區,七月,184,108
79,中壢區,七月,188,108
80,大溪區,七月,38,108
81,楊梅區,七月,81,108
82,蘆竹區,七月,70,108
83,大園區,七月,42,108
84,龜山區,七月,82,108
85,八德區,七月,108,108
86,龍潭區,七月,74,108
87,平鎮區,七月,127,108
88,新屋區,七月,24,108
89,觀音區,七月,29,108
90,復興區,七月,6,108
91,桃園區,八月,109,108
92,中壢區,八月,94,108
93,大溪區,八月,20,108
94,楊梅區,八月,41,108
95,蘆竹區,八月,38,108
96,大園區,八月,15,108
97,龜山區,八月,46,108
98,八德區,八月,57,108
99,龍潭區,八月,26,108
100,平鎮區,八月,55,108
101,新屋區,八月,7,108
102,觀音區,八月,14,108
103,復興區,八月,5,108
104,桃園區,九月,222,108
105,中壢區,九月,240,108
106,大溪區,九月,47,108
107,楊梅區,九月,89,108
108,蘆竹區,九月,96,108
109,大園區,九月,49,108
110,龜山區,九月,102,108
111,八德區,九月,108,108
112,龍潭區,九月,76,108
113,平鎮區,九月,115,108
114,新屋區,九月,26,108
115,觀音區,九月,45,108
116,復興區,九月,8,108
117,桃園區,十月,251,108
118,中壢區,十月,246,108
119,大溪區,十月,74,108
120,楊梅區,十月,115,108
121,蘆竹區,十月,95,108
122,大園區,十月,57,108
123,龜山區,十月,92,108
124,八德區,十月,121,108
125,龍潭區,十月,69,108
126,平鎮區,十月,138,108
127,新屋區,十月,21,108
128,觀音區,十月,31,108
129,復興區,十月,6,108
130,桃園區,十一月,223,108
131,中壢區,十一月,215,108
132,大溪區,十一月,46,108
133,楊梅區,十一月,98,108
134,蘆竹區,十一月,103,108
135,大園區,十一月,53,108
136,龜山區,十一月,80,108
137,八德區,十一月,105,108
138,龍潭區,十一月,73,108
139,平鎮區,十一月,138,108
140,新屋區,十一月,23,108
141,觀音區,十一月,32,108
142,復興區,十一月,7,108
143,桃園區,十二月,268,108
144,中壢區,十二月,269,108
145,大溪區,十二月,48,108
146,楊梅區,十二月,121,108
147,蘆竹區,十二月,86,108
148,大園區,十二月,50,108
149,龜山區,十二月,91,108
150,八德區,十二月,130,108
151,龍潭區,十二月,83,108
152,平鎮區,十二月,150,108
153,新屋區,十二月,26,108
154,觀音區,十二月,40,108
155,復興區,十二月,4,108
0,桃園區,一月,257,109
1,中壢區,一月,251,109
2,大溪區,一月,44,109
3,楊梅區,一月,112,109
4,蘆竹區,一月,83,109
5,大園區,一月,57,109
6,龜山區,一月,89,109
7,八德區,一月,122,109
8,龍潭區,一月,64,109
9,平鎮區,一月,144,109
10,新屋區,一月,26,109
11,觀音區,一月,43,109
12,復興區,一月,6,109
13,桃園區,二月,225,109
14,中壢區,二月,231,109
15,大溪區,二月,56,109
16,楊梅區,二月,72,109
17,蘆竹區,二月,84,109
18,大園區,二月,46,109
19,龜山區,二月,65,109
20,八德區,二月,83,109
21,龍潭區,二月,55,109
22,平鎮區,二月,90,109
23,新屋區,二月,28,109
24,觀音區,二月,30,109
25,復興區,二月,11,109
26,桃園區,三月,200,109
27,中壢區,三月,184,109
28,大溪區,三月,56,109
29,楊梅區,三月,91,109
30,蘆竹區,三月,68,109
31,大園區,三月,25,109
32,龜山區,三月,60,109
33,八德區,三月,105,109
34,龍潭區,三月,62,109
35,平鎮區,三月,98,109
36,新屋區,三月,19,109
37,觀音區,三月,33,109
38,復興區,三月,11,109
39,桃園區,四月,131,109
40,中壢區,四月,144,109
41,大溪區,四月,28,109
42,楊梅區,四月,69,109
43,蘆竹區,四月,56,109
44,大園區,四月,25,109
45,龜山區,四月,49,109
46,八德區,四月,75,109
47,龍潭區,四月,42,109
48,平鎮區,四月,74,109
49,新屋區,四月,28,109
50,觀音區,四月,14,109
51,復興區,四月,5,109
52,桃園區,五月,331,109
53,中壢區,五月,304,109
54,大溪區,五月,63,109
55,楊梅區,五月,115,109
56,蘆竹區,五月,106,109
57,大園區,五月,70,109
58,龜山區,五月,129,109
59,八德區,五月,167,109
60,龍潭區,五月,82,109
61,平鎮區,五月,181,109
62,新屋區,五月,25,109
63,觀音區,五月,33,109
64,復興區,五月,12,109
65,桃園區,六月,146,109
66,中壢區,六月,155,109
67,大溪區,六月,40,109
68,楊梅區,六月,51,109
69,蘆竹區,六月,53,109
70,大園區,六月,27,109
71,龜山區,六月,48,109
72,八德區,六月,79,109
73,龍潭區,六月,50,109
74,平鎮區,六月,86,109
75,新屋區,六月,19,109
76,觀音區,六月,20,109
77,復興區,六月,7,109
78,桃園區,七月,173,109
79,中壢區,七月,158,109
80,大溪區,七月,43,109
81,楊梅區,七月,77,109
82,蘆竹區,七月,75,109
83,大園區,七月,45,109
84,龜山區,七月,59,109
85,八德區,七月,96,109
86,龍潭區,七月,55,109
87,平鎮區,七月,84,109
88,新屋區,七月,24,109
89,觀音區,七月,32,109
90,復興區,七月,0,109
91,桃園區,八月,135,109
92,中壢區,八月,121,109
93,大溪區,八月,22,109
94,楊梅區,八月,51,109
95,蘆竹區,八月,43,109
96,大園區,八月,27,109
97,龜山區,八月,53,109
98,八德區,八月,79,109
99,龍潭區,八月,47,109
100,平鎮區,八月,79,109
101,新屋區,八月,12,109
102,觀音區,八月,24,109
103,復興區,八月,6,109
104,桃園區,九月,158,109
105,中壢區,九月,149,109
106,大溪區,九月,28,109
107,楊梅區,九月,61,109
108,蘆竹區,九月,53,109
109,大園區,九月,38,109
110,龜山區,九月,63,109
111,八德區,九月,67,109
112,龍潭區,九月,48,109
113,平鎮區,九月,67,109
114,新屋區,九月,17,109
115,觀音區,九月,27,109
116,復興區,九月,4,109
117,桃園區,十月,291,109
118,中壢區,十月,256,109
119,大溪區,十月,44,109
120,楊梅區,十月,108,109
121,蘆竹區,十月,78,109
122,大園區,十月,50,109
123,龜山區,十月,94,109
124,八德區,十月,131,109
125,龍潭區,十月,77,109
126,平鎮區,十月,158,109
127,新屋區,十月,20,109
128,觀音區,十月,38,109
129,復興區,十月,6,109
130,桃園區,十一月,181,109
131,中壢區,十一月,199,109
132,大溪區,十一月,31,109
133,楊梅區,十一月,71,109
134,蘆竹區,十一月,68,109
135,大園區,十一月,35,109
136,龜山區,十一月,65,109
137,八德區,十一月,86,109
138,龍潭區,十一月,56,109
139,平鎮區,十一月,98,109
140,新屋區,十一月,17,109
141,觀音區,十一月,29,109
142,復興區,十一月,8,109
143,桃園區,十二月,349,109
144,中壢區,十二月,338,109
145,大溪區,十二月,58,109
146,楊梅區,十二月,133,109
147,蘆竹區,十二月,121,109
148,大園區,十二月,73,109
149,龜山區,十二月,111,109
150,八德區,十二月,153,109
151,龍潭區,十二月,92,109
152,平鎮區,十二月,167,109
153,新屋區,十二月,41,109
154,觀音區,十二月,45,109
155,復興區,十二月,10,109
